{
    "notes": [
        [
            10588.235294117647,
            0,
            "red"
        ],
        [
            13411.764705882353,
            0,
            "red"
        ],
        [
            16235.29411764706,
            0,
            "red"
        ],
        [
            19058.823529411766,
            0,
            "red"
        ],
        [
            21882.352941176472,
            0,
            "red"
        ]
    ],
    "bpm": 85,
    "speed": 0.3,
    "stage": "bar",
    "characters": [
        "donny",
        "johnny",
        "olive"
    ]
}