{"notes":[
[10588.235294117647, "red"],
[13411.764705882353, "red"],
[16235.29411764706, "red"],
[19058.823529411766, "red"],
[21882.352941176472, "red"],
[33882.35294117647, "red"],
[34588.23529411764, "blue"],
[35294.117647058825, "green"],
[36705.882352941175, "red"],
[37411.76470588235, "blue"],
[38117.64705882353, "green"],
[39529.41176470588, "red"],
[40235.294117647056, "blue"],
[40941.17647058824, "green"],
[42352.94117647059, "red"],
[43058.82352941176, "blue"],
[43764.705882352944, "green"],
[45176.470588235294, "red"]],
"bpm":85,"speed":0.3}