{
    "notes": [
        [
            11294.117647058823,
            0,
            "red"
        ],
        [
            12000.0,
            1,
            "blue"
        ],
        [
            12705.882352941177,
            2,
            "green"
        ],
        [
            14117.64705882353,
            0,
            "red"
        ],
        [
            14823.529411764706,
            1,
            "blue"
        ],
        [
            15529.411764705883,
            2,
            "green"
        ],
        [
            16941.176470588234,
            0,
            "red"
        ],
        [
            17647.058823529413,
            1,
            "blue"
        ],
        [
            18352.941176470587,
            2,
            "green"
        ],
        [
            19764.70588235294,
            0,
            "red"
        ],
        [
            20470.58823529412,
            1,
            "blue"
        ],
        [
            21176.470588235294,
            2,
            "green"
        ]
    ],
    "bpm": 85,
    "speed": 0.3,
    "stage": "bar",
    "characters": [
        "donny",
        "johnny",
        "olive"
    ]
}